flow_type,partner,product,reporter,Trade,Y_2012_IHS,Y_2013_IHS,Y_2014_IHS,Y_2015_IHS,Y_2016_IHS,Y_2017_IHS,Y_2018_IHS,YTD,YTD_2018,YTD_2019,updated_date
QTY,United Arab Emirates,All Steel Mill Products,Iran,EXP,207023.52,221079.406,469752.2,580709.15,917373.044,1416833.674,1436982.858,Apr,631670.844,53058.385,03JUN2019
QTY,United Arab Emirates,Flat Products,Iran,EXP,206698.62,218266.526,309698,222125.19,414884.998,230952.061,337583.541,Apr,115042.627,21464,03JUN2019
QTY,United Arab Emirates,Long Products,Iran,EXP,287.2,1596.602,2486.4,1301.86,229.15,19486.077,22890.461,Apr,8037.355,8329.12,03JUN2019
QTY,United Arab Emirates,Pipe and Tube Products,Iran,EXP,15.3,13.7,3.6,190.8,912.595,75.694,24.56,Apr,0,2916.095,03JUN2019
QTY,United Arab Emirates,Semi-Finished Products,Iran,EXP,0,0,157536.2,356982.9,501272.714,1166319.842,1074736.516,Apr,508590.862,19858.48,03JUN2019
QTY,United Arab Emirates,Stainless Products,Iran,EXP,22.4,1202.578,28,108.4,73.587,0,1747.78,Apr,0,490.69,03JUN2019
QTY,Afghanistan,All Steel Mill Products,Iran,EXP,363097.958,288163.147,212904.6,244055.259,293667.163,368160.896,573076.975,Apr,147016.167,131911.568,03JUN2019
QTY,Afghanistan,Flat Products,Iran,EXP,83870.785,57717.779,36489.8,22153.315,46502.197,42792.219,96910.125,Apr,21552.986,22154.812,03JUN2019
QTY,Afghanistan,Long Products,Iran,EXP,212888.046,184398.418,153256.6,202512.035,231275.437,313488.009,446518.862,Apr,118464.836,99580.558,03JUN2019
QTY,Afghanistan,Pipe and Tube Products,Iran,EXP,21765.307,43982.473,23045.1,19097.919,15722.115,11683.349,27884.654,Apr,6271.385,10162.465,03JUN2019
QTY,Afghanistan,Semi-Finished Products,Iran,EXP,0,0,0,0,0,0,0,Apr,0,0,03JUN2019
QTY,Afghanistan,Stainless Products,Iran,EXP,44573.82,2064.477,113.1,291.99,167.414,197.319,1763.334,Apr,726.96,13.733,03JUN2019
QTY,Armenia,All Steel Mill Products,Iran,EXP,7096.045,8015.674,8003.7,3715.655,6437.073,10058.784,28227.135,Apr,3952.275,12976.003,03JUN2019
QTY,Armenia,Flat Products,Iran,EXP,5093.205,5615.73,4725.4,2543.675,5604.165,7817.773,12377.641,Apr,2558.213,4168.093,03JUN2019
QTY,Armenia,Long Products,Iran,EXP,295.3,707.552,1967,553.5,692.928,1560.259,11808.401,Apr,1133.812,6590.488,03JUN2019
QTY,Armenia,Pipe and Tube Products,Iran,EXP,1701.84,1684.372,1311,617.58,130.98,680.672,3830.462,Apr,260.25,2217.376,03JUN2019
QTY,Armenia,Stainless Products,Iran,EXP,5.7,8.02,0.3,0.9,9,0.08,210.631,Apr,0,0.046,03JUN2019
QTY,Azerbaijan,All Steel Mill Products,Iran,EXP,6248.36,5480.105,16317.8,2691.93,599.601,239.235,24074.254,Apr,255.09,8605.741,03JUN2019
QTY,Azerbaijan,Flat Products,Iran,EXP,4345.16,5.81,2705.6,49,48.07,14.06,1.1,Apr,1.1,12.14,03JUN2019
QTY,Azerbaijan,Long Products,Iran,EXP,1320.19,5064.175,13289.5,1843.82,322.191,160.095,23810.727,Apr,253.99,6470.653,03JUN2019
QTY,Azerbaijan,Pipe and Tube Products,Iran,EXP,583.01,234.32,186.8,798.91,229.34,65.08,140.772,Apr,0,2036.068,03JUN2019
QTY,Azerbaijan,Semi-Finished Products,Iran,EXP,0,175.8,104,0,0,0,0,Apr,0,0,03JUN2019
QTY,Azerbaijan,Stainless Products,Iran,EXP,0,0,31.9,0.2,0,0,121.655,Apr,0,86.88,03JUN2019
QTY,Belgium,All Steel Mill Products,Iran,EXP,14263.1,29091.8,2808.9,40827.724,40136.69,36002.77,11008.202,Apr,3384.36,1458.723,03JUN2019
QTY,Belgium,Flat Products,Iran,EXP,10225,28616,0,36972,40112,30944.422,6638.56,Apr,3324.69,0,03JUN2019
QTY,Belgium,Long Products,Iran,EXP,4038.1,475.8,2808.9,3855.724,24.69,4100.438,4369.642,Apr,59.67,0,03JUN2019
QTY,Belgium,Pipe and Tube Products,Iran,EXP,0,0,0,0,0,0,0,Apr,0,1458.723,03JUN2019
QTY,Belgium,Semi-Finished Products,Iran,EXP,0,0,0,0,0,957.91,0,Apr,0,0,03JUN2019
QTY,Bulgaria,All Steel Mill Products,Iran,EXP,0,0,0,112.358,861.536,823.808,777.372,Apr,90.925,92.444,03JUN2019
QTY,Bulgaria,Long Products,Iran,EXP,0,0,0,112.358,861.536,823.808,777.372,Apr,90.925,92.444,03JUN2019
QTY,Brazil,All Steel Mill Products,Iran,EXP,0,0,0,0,156215,31599.97,67636.93,Apr,35253,0,03JUN2019
QTY,Brazil,Semi-Finished Products,Iran,EXP,0,0,0,0,156215,31599.97,67636.93,Apr,35253,0,03JUN2019
QTY,China,All Steel Mill Products,Iran,EXP,164.7,0,23.8,114.8,23.003,33421.341,42563.385,Apr,42473.945,28824.64,03JUN2019
QTY,China,Flat Products,Iran,EXP,164.7,0,0,114.8,21.463,148.198,9,Apr,9,0,03JUN2019
QTY,China,Long Products,Iran,EXP,0,0,23.3,0,0.12,0,48.04,Apr,0,0,03JUN2019
QTY,China,Pipe and Tube Products,Iran,EXP,0,0,0,0,0.77,0,41.4,Apr,0,0,03JUN2019
QTY,China,Semi-Finished Products,Iran,EXP,0,0,0.5,0,0,33273.143,42464.945,Apr,42464.945,28824.64,03JUN2019
QTY,China,Stainless Products,Iran,EXP,0,0,0,0,0.65,0,0,Apr,0,0,03JUN2019
QTY,Czech Republic,All Steel Mill Products,Iran,EXP,1.2,61.5,39.9,100.616,0,0.095,0,Apr,0,0,03JUN2019
QTY,Czech Republic,Long Products,Iran,EXP,0,61.5,39.9,100.616,0,0.095,0,Apr,0,0,03JUN2019
QTY,Czech Republic,Semi-Finished Products,Iran,EXP,1.2,0,0,0,0,0,0,Apr,0,0,03JUN2019
QTY,Germany,All Steel Mill Products,Iran,EXP,7993.097,4050.817,2456.4,692.5,5184.892,6457.113,7551.251,Apr,4073.992,41134.245,03JUN2019
QTY,Germany,Flat Products,Iran,EXP,0,0,3,0,4500.448,0.629,0,Apr,0,0.96,03JUN2019
QTY,Germany,Long Products,Iran,EXP,7686.397,3559.724,2247,673.3,623.614,6387.556,7283.817,Apr,3851.582,245.135,03JUN2019
QTY,Germany,Pipe and Tube Products,Iran,EXP,263.3,18.83,152.2,19.2,53.07,68.045,45.324,Apr,22.41,21.71,03JUN2019
QTY,Germany,Semi-Finished Products,Iran,EXP,24.8,2.013,0,0,0,0,200,Apr,200,40866.44,03JUN2019
QTY,Germany,Stainless Products,Iran,EXP,18.6,470.25,54.2,0,7.76,0.883,22.11,Apr,0,0,03JUN2019
QTY,Algeria,All Steel Mill Products,Iran,EXP,0,0,0,0,0,5846.052,6.57,Apr,0,57360.08,03JUN2019
QTY,Algeria,Flat Products,Iran,EXP,0,0,0,0,0,5846.052,0,Apr,0,0,03JUN2019
QTY,Algeria,Long Products,Iran,EXP,0,0,0,0,0,0,6.57,Apr,0,0,03JUN2019
QTY,Algeria,Semi-Finished Products,Iran,EXP,0,0,0,0,0,0,0,Apr,0,57360.08,03JUN2019
QTY,Egypt,All Steel Mill Products,Iran,EXP,0,63.638,0,9665.7,153701.92,452961.109,694709.64,Apr,257702.16,0,03JUN2019
QTY,Egypt,Long Products,Iran,EXP,0,63.638,0,0,0,0,0,Apr,0,0,03JUN2019
QTY,Egypt,Semi-Finished Products,Iran,EXP,0,0,0,9665.7,153701.92,452961.109,694709.64,Apr,257702.16,0,03JUN2019
QTY,Spain,All Steel Mill Products,Iran,EXP,51904.6,26773,137856.6,168208.152,143400.584,19087.118,1032.557,Apr,492.379,0.26,03JUN2019
QTY,Spain,Flat Products,Iran,EXP,51266,26773,137803.7,167765.6,142497,14751,0.127,Apr,0.127,0,03JUN2019
QTY,Spain,Long Products,Iran,EXP,638.6,0,52.9,442.552,903.584,4336.118,1032.43,Apr,492.252,0,03JUN2019
QTY,Spain,Pipe and Tube Products,Iran,EXP,0,0,0,0,0,0,0,Apr,0,0.26,03JUN2019
QTY,Ethiopia,All Steel Mill Products,Iran,EXP,0,0,0,0,0,9.306,5.48,Apr,0,0,03JUN2019
QTY,Ethiopia,Flat Products,Iran,EXP,0,0,0,0,0,0,5.48,Apr,0,0,03JUN2019
QTY,Ethiopia,Long Products,Iran,EXP,0,0,0,0,0,9.306,0,Apr,0,0,03JUN2019
QTY,France,All Steel Mill Products,Iran,EXP,229.681,0,0,0,0,10329.402,6.24,Apr,6.24,0.55,03JUN2019
QTY,France,Flat Products,Iran,EXP,0,0,0,0,0,5.302,6.24,Apr,6.24,0.55,03JUN2019
QTY,France,Long Products,Iran,EXP,229.681,0,0,0,0,0,0,Apr,0,0,03JUN2019
QTY,France,Semi-Finished Products,Iran,EXP,0,0,0,0,0,10324.1,0,Apr,0,0,03JUN2019
QTY,United Kingdom,All Steel Mill Products,Iran,EXP,1423.5,78264.9,105490.3,0,4364,1225.019,17572.784,Apr,6177.684,0,03JUN2019
QTY,United Kingdom,Flat Products,Iran,EXP,0,77534,105420,0,4364,0,0,Apr,0,0,03JUN2019
QTY,United Kingdom,Long Products,Iran,EXP,1423.5,730.9,0,0,0,1171.352,17572.784,Apr,6177.684,0,03JUN2019
QTY,United Kingdom,Pipe and Tube Products,Iran,EXP,0,0,0,0,0,0.707,0,Apr,0,0,03JUN2019
QTY,United Kingdom,Stainless Products,Iran,EXP,0,0,70.3,0,0,52.96,0,Apr,0,0,03JUN2019
QTY,Georgia,All Steel Mill Products,Iran,EXP,108.7,977.38,1189.6,644.635,475.134,2024.038,54031.636,Apr,1314.712,17729.636,03JUN2019
QTY,Georgia,Flat Products,Iran,EXP,21.6,221.31,0.6,3.175,0.08,0.25,304.081,Apr,45.961,364.396,03JUN2019
QTY,Georgia,Long Products,Iran,EXP,0,611.48,1165.5,641.46,407.344,1954.628,48746.052,Apr,1175.661,11933.506,03JUN2019
QTY,Georgia,Pipe and Tube Products,Iran,EXP,87.1,144.49,23.5,0,67.71,69.16,4958.433,Apr,93.09,5431.534,03JUN2019
QTY,Georgia,Stainless Products,Iran,EXP,0,0.1,0,0,0,0,23.07,Apr,0,0.2,03JUN2019
QTY,Indonesia,All Steel Mill Products,Iran,EXP,21.4,0,0,0,34192.285,580507.259,1120954.648,Apr,282122.771,771453.593,03JUN2019
QTY,Indonesia,Flat Products,Iran,EXP,0,0,0,0,0,0,6136,Apr,0,0,03JUN2019
QTY,Indonesia,Pipe and Tube Products,Iran,EXP,21.4,0,0,0,0,0,0,Apr,0,0,03JUN2019
QTY,Indonesia,Semi-Finished Products,Iran,EXP,0,0,0,0,34192.285,580507.259,1114818.648,Apr,282122.771,771453.593,03JUN2019
QTY,Ireland,All Steel Mill Products,Iran,EXP,0,0,0,0,0,45.32,0,Apr,0,0,03JUN2019
QTY,Ireland,Long Products,Iran,EXP,0,0,0,0,0,24.34,0,Apr,0,0,03JUN2019
QTY,Ireland,Stainless Products,Iran,EXP,0,0,0,0,0,20.98,0,Apr,0,0,03JUN2019
QTY,India,All Steel Mill Products,Iran,EXP,168363.8,198419.266,128435.9,59396.6,42256.845,106733.631,133819.752,Apr,62865.027,100992.85,03JUN2019
QTY,India,Flat Products,Iran,EXP,168360,149860,55220,0,41216.12,34054.2,9835.617,Apr,0.617,41313,03JUN2019
QTY,India,Long Products,Iran,EXP,0,1294.069,0,0,35.865,0,509.1,Apr,0,0,03JUN2019
QTY,India,Pipe and Tube Products,Iran,EXP,3.8,8.7,0,0,505.7,1362.65,18.565,Apr,0,0,03JUN2019
QTY,India,Semi-Finished Products,Iran,EXP,0,47010,72611.1,59349.4,0,71099.351,123337.81,Apr,62769.05,59679.85,03JUN2019
QTY,India,Stainless Products,Iran,EXP,0,246.497,604.8,47.2,499.16,217.43,118.66,Apr,95.36,0,03JUN2019
QTY,Iraq,All Steel Mill Products,Iran,EXP,262557.316,290045.969,274566.1,337093.789,320281.574,388835.911,1205430.85,Apr,191340.821,357781.485,03JUN2019
QTY,Iraq,Flat Products,Iran,EXP,105544.255,112029.043,102645.1,91543.969,68095.894,74612.231,178880.495,Apr,38994.011,46783.323,03JUN2019
QTY,Iraq,Long Products,Iran,EXP,124001.818,142251.607,149390.9,211749.361,205278.409,278861.412,818754.27,Apr,123237.704,242823.005,03JUN2019
QTY,Iraq,Pipe and Tube Products,Iran,EXP,30043.193,34206.939,16677.4,22605.645,43791.053,34944.676,163390.594,Apr,28462.566,66327.023,03JUN2019
QTY,Iraq,Semi-Finished Products,Iran,EXP,0,640.32,4.3,27.984,152.62,202.549,39594.352,Apr,99.2,48.825,03JUN2019
QTY,Iraq,Stainless Products,Iran,EXP,2968.05,918.06,5848.4,11166.83,2963.598,215.043,4811.139,Apr,547.34,1799.309,03JUN2019
QTY,Italy,All Steel Mill Products,Iran,EXP,15306.31,38513.968,342347.3,795974.194,705181.618,437411.416,407773.427,Apr,176580.162,27072.87,03JUN2019
QTY,Italy,Flat Products,Iran,EXP,14475,27180,330980,784392,593951.2,76895.5,82547.045,Apr,54723.54,41.87,03JUN2019
QTY,Italy,Long Products,Iran,EXP,824.91,487.568,367.3,408.194,910.848,2930.866,1952.012,Apr,1232.172,0,03JUN2019
QTY,Italy,Pipe and Tube Products,Iran,EXP,0,0,0,0,0,89.15,45.8,Apr,0,0,03JUN2019
QTY,Italy,Semi-Finished Products,Iran,EXP,6.4,10846,11000,11174,110303,357495.9,323228.57,Apr,120624.45,27031,03JUN2019
QTY,Italy,Stainless Products,Iran,EXP,0,0.4,0,0,16.57,0,0,Apr,0,0,03JUN2019
QTY,Jordan,All Steel Mill Products,Iran,EXP,9443,11420,10660,306869.212,238556.894,119978.52,457.63,Apr,0,41529.22,03JUN2019
QTY,Jordan,Flat Products,Iran,EXP,9443,11420,10660,3523.6,2733,0,0,Apr,0,0,03JUN2019
QTY,Jordan,Long Products,Iran,EXP,0,0,0,0,2050,0,457.63,Apr,0,1000,03JUN2019
QTY,Jordan,Semi-Finished Products,Iran,EXP,0,0,0,303345.612,233773.894,119978.52,0,Apr,0,40529.22,03JUN2019
QTY,Korea,All Steel Mill Products,Iran,EXP,24.7,7.919,155.2,226.1,8.43,10574.49,27054.233,Apr,15131.61,0,03JUN2019
QTY,Korea,Flat Products,Iran,EXP,0.8,0,128.6,74.9,0,1.57,2.103,Apr,0.2,0,03JUN2019
QTY,Korea,Long Products,Iran,EXP,0,0,26,143.2,0,0,0,Apr,0,0,03JUN2019
QTY,Korea,Pipe and Tube Products,Iran,EXP,23.4,7.919,0.6,8,8.43,0,0,Apr,0,0,03JUN2019
QTY,Korea,Semi-Finished Products,Iran,EXP,0,0,0,0,0,10572.92,27052.13,Apr,15131.41,0,03JUN2019
QTY,Korea,Stainless Products,Iran,EXP,0.5,0,0,0,0,0,0,Apr,0,0,03JUN2019
QTY,Kuwait,All Steel Mill Products,Iran,EXP,22982.5,13138.53,21800.3,818.7,8811.816,4836.2,41554.555,Apr,35870.615,499.499,03JUN2019
QTY,Kuwait,Flat Products,Iran,EXP,18096.1,13137.83,13969.2,0,2781.049,3892.845,4020.13,Apr,4020.13,0,03JUN2019
QTY,Kuwait,Long Products,Iran,EXP,2999.4,0,7831.1,591.8,5860.347,943.355,3327.47,Apr,1850.485,498.049,03JUN2019
QTY,Kuwait,Pipe and Tube Products,Iran,EXP,0,0.7,0,0.9,0,0,4206.955,Apr,0,0,03JUN2019
QTY,Kuwait,Semi-Finished Products,Iran,EXP,0,0,0,0,0,0,30000,Apr,30000,0,03JUN2019
QTY,Kuwait,Stainless Products,Iran,EXP,1887,0,0,226,170.42,0,0,Apr,0,1.45,03JUN2019
QTY,Kazakhstan,All Steel Mill Products,Iran,EXP,22.7,26.346,57.2,53.9,18.192,47.224,63.676,Apr,0,0,03JUN2019
QTY,Kazakhstan,Flat Products,Iran,EXP,22.7,22.846,55,52.8,12.48,28.03,0,Apr,0,0,03JUN2019
QTY,Kazakhstan,Long Products,Iran,EXP,0,0,2,0,5.712,0.164,63.676,Apr,0,0,03JUN2019
QTY,Kazakhstan,Pipe and Tube Products,Iran,EXP,0,3.5,0.2,1.1,0,19.03,0,Apr,0,0,03JUN2019
QTY,Lebanon,All Steel Mill Products,Iran,EXP,0,0,0,0,3.15,21.805,987.753,Apr,47.9,26747.723,03JUN2019
QTY,Lebanon,Long Products,Iran,EXP,0,0,0,0,3.15,21.805,772.133,Apr,0,26672.043,03JUN2019
QTY,Lebanon,Pipe and Tube Products,Iran,EXP,0,0,0,0,0,0,215.62,Apr,47.9,0,03JUN2019
QTY,Lebanon,Semi-Finished Products,Iran,EXP,0,0,0,0,0,0,0,Apr,0,75.68,03JUN2019
QTY,Sri Lanka,All Steel Mill Products,Iran,EXP,1017.8,0,34,5395.7,1.816,38.26,59527.98,Apr,39000,1.3,03JUN2019
QTY,Sri Lanka,Flat Products,Iran,EXP,0,0,0,0,0,20.18,0,Apr,0,0,03JUN2019
QTY,Sri Lanka,Long Products,Iran,EXP,1017.8,0,33.8,0,0,18.08,509.1,Apr,0,0,03JUN2019
QTY,Sri Lanka,Pipe and Tube Products,Iran,EXP,0,0,0.2,0,1.816,0,0,Apr,0,1.3,03JUN2019
QTY,Sri Lanka,Semi-Finished Products,Iran,EXP,0,0,0,5395.7,0,0,59018.88,Apr,39000,0,03JUN2019
QTY,Libya,All Steel Mill Products,Iran,EXP,0,0,0,0,0,29978.54,0,Apr,0,0,03JUN2019
QTY,Libya,Semi-Finished Products,Iran,EXP,0,0,0,0,0,29978.54,0,Apr,0,0,03JUN2019
QTY,Morocco,All Steel Mill Products,Iran,EXP,0,0,0,0,164317.524,19378,39538.96,Apr,19770,31423.04,03JUN2019
QTY,Morocco,Semi-Finished Products,Iran,EXP,0,0,0,0,164317.524,19378,39538.96,Apr,19770,31423.04,03JUN2019
QTY,Malaysia,All Steel Mill Products,Iran,EXP,0,0,0,0,15222.756,12915.58,75906.05,Apr,20312.38,25081.74,03JUN2019
QTY,Malaysia,Long Products,Iran,EXP,0,0,0,0,109.796,0,0,Apr,0,0,03JUN2019
QTY,Malaysia,Pipe and Tube Products,Iran,EXP,0,0,0,0,39.5,8.9,28.36,Apr,0.6,0,03JUN2019
QTY,Malaysia,Semi-Finished Products,Iran,EXP,0,0,0,0,15073.46,12906.68,75877.69,Apr,20311.78,25081.74,03JUN2019
QTY,Nigeria,All Steel Mill Products,Iran,EXP,0,0,0,0,6.856,537.853,0,Apr,0,0,03JUN2019
QTY,Nigeria,Pipe and Tube Products,Iran,EXP,0,0,0,0,6.856,0,0,Apr,0,0,03JUN2019
QTY,Nigeria,Semi-Finished Products,Iran,EXP,0,0,0,0,0,537.853,0,Apr,0,0,03JUN2019
QTY,Netherlands,All Steel Mill Products,Iran,EXP,4183.1,3860.03,10517.8,3067.416,6371.634,18176.235,15966.758,Apr,5495.932,1.59,03JUN2019
QTY,Netherlands,Flat Products,Iran,EXP,0,0,0,0,127.08,10000,9088.16,Apr,20.5,0,03JUN2019
QTY,Netherlands,Long Products,Iran,EXP,4149.7,1833.4,412,2988.916,6217.754,8058.137,6878.598,Apr,5475.432,0,03JUN2019
QTY,Netherlands,Pipe and Tube Products,Iran,EXP,21.4,0,0,0,26.8,73,0,Apr,0,1.59,03JUN2019
QTY,Netherlands,Semi-Finished Products,Iran,EXP,0,0,10105.8,0,0,0,0,Apr,0,0,03JUN2019
QTY,Netherlands,Stainless Products,Iran,EXP,12,2026.63,0,78.5,0,45.098,0,Apr,0,0,03JUN2019
QTY,Oman,All Steel Mill Products,Iran,EXP,28048.9,88699,263099.4,129605.5,438942.091,651234.249,590862.79,Apr,163423.23,112907.205,03JUN2019
QTY,Oman,Flat Products,Iran,EXP,27915,88699,138046.3,41365.8,81151,43127.2,126238,Apr,63219,12.655,03JUN2019
QTY,Oman,Long Products,Iran,EXP,133.9,0,276.4,780.1,3423.889,14495.137,23390.982,Apr,7580.84,8738.58,03JUN2019
QTY,Oman,Pipe and Tube Products,Iran,EXP,0,0,0,0,0.89,4.25,0,Apr,0,22.336,03JUN2019
QTY,Oman,Semi-Finished Products,Iran,EXP,0,0,124776.7,87459.6,354362.433,593607.662,441233.808,Apr,92623.39,104133.634,03JUN2019
QTY,Oman,Stainless Products,Iran,EXP,0,0,0,0,3.879,0,0,Apr,0,0,03JUN2019
QTY,Other Countries,All Steel Mill Products,Iran,EXP,27553.3,4263.296,96615.4,391592.304,116737.404,0,71314.531,Apr,14471.111,192912.896,03JUN2019
QTY,Other Countries,Flat Products,Iran,EXP,5964.8,3765.208,1524.9,0,21843.9,0,8047,Apr,0,0,03JUN2019
QTY,Other Countries,Long Products,Iran,EXP,438.7,64.6,136.1,0,0,0,23812.406,Apr,5650.136,28728.481,03JUN2019
QTY,Other Countries,Pipe and Tube Products,Iran,EXP,29.8,433.24,85.7,0,138.166,0,49.49,Apr,49.49,21.285,03JUN2019
QTY,Other Countries,Semi-Finished Products,Iran,EXP,21119.6,0,94849.3,391592.304,94755.338,0,39402.15,Apr,8768,164163.13,03JUN2019
QTY,Other Countries,Stainless Products,Iran,EXP,0.4,0.248,19.4,0,0,0,3.485,Apr,3.485,0,03JUN2019
QTY,Panama,All Steel Mill Products,Iran,EXP,0,0,921.3,0,0,0,381.68,Apr,0,0,03JUN2019
QTY,Panama,Flat Products,Iran,EXP,0,0,0,0,0,0,381.68,Apr,0,0,03JUN2019
QTY,Panama,Pipe and Tube Products,Iran,EXP,0,0,921.3,0,0,0,0,Apr,0,0,03JUN2019
QTY,Pakistan,All Steel Mill Products,Iran,EXP,138419.379,52337.086,35010.7,32737.835,30641.858,23891.956,91282.13,Apr,48241.099,87645.867,03JUN2019
QTY,Pakistan,Flat Products,Iran,EXP,114988.544,22340.876,26942.1,4747.125,9379.84,147.33,1211.73,Apr,25.86,1766.13,03JUN2019
QTY,Pakistan,Long Products,Iran,EXP,3934.435,629.5,1117.5,18350.985,14558.938,23744.626,45558.52,Apr,5715.239,85829.697,03JUN2019
QTY,Pakistan,Pipe and Tube Products,Iran,EXP,14387.6,29040.11,5497.3,1248.79,651.78,0,2011.88,Apr,0,0,03JUN2019
QTY,Pakistan,Semi-Finished Products,Iran,EXP,4775.6,0,0,7592.535,5975.76,0,42500,Apr,42500,50.04,03JUN2019
QTY,Pakistan,Stainless Products,Iran,EXP,333.2,326.6,1453.8,798.4,75.54,0,0,Apr,0,0,03JUN2019
QTY,Portugal,All Steel Mill Products,Iran,EXP,11205,16850,57910,91219.978,79741.122,524.424,140.192,Apr,140.192,0,03JUN2019
QTY,Portugal,Flat Products,Iran,EXP,11205,16850,57910,91068,79623,0,0,Apr,0,0,03JUN2019
QTY,Portugal,Long Products,Iran,EXP,0,0,0,126.978,118.122,524.424,140.192,Apr,140.192,0,03JUN2019
QTY,Portugal,Stainless Products,Iran,EXP,0,0,0,25,0,0,0,Apr,0,0,03JUN2019
QTY,Qatar,All Steel Mill Products,Iran,EXP,11711,27863.336,15880.3,37978.8,31780,31162.006,68314.671,Apr,30473.231,32922.152,03JUN2019
QTY,Qatar,Flat Products,Iran,EXP,11711,27685,15320,37978.2,31780,19035.5,27407.167,Apr,10797,6905.096,03JUN2019
QTY,Qatar,Long Products,Iran,EXP,0,167.536,487.7,0.2,0,12118.506,38975.579,Apr,18051.231,8938.576,03JUN2019
QTY,Qatar,Pipe and Tube Products,Iran,EXP,0,10.1,72.6,0.4,0,8,236.3,Apr,0,2079.1,03JUN2019
QTY,Qatar,Semi-Finished Products,Iran,EXP,0,0,0,0,0,0,1695.625,Apr,1625,14999.38,03JUN2019
QTY,Qatar,Stainless Products,Iran,EXP,0,0.7,0,0,0,0,0,Apr,0,0,03JUN2019
QTY,Sudan,All Steel Mill Products,Iran,EXP,1040.4,93.99,55.8,4826.7,40307.21,130587.21,119831.705,Apr,69713.768,63207.57,03JUN2019
QTY,Sudan,Flat Products,Iran,EXP,0,0,0,0,42,0,0,Apr,0,0,03JUN2019
QTY,Sudan,Long Products,Iran,EXP,0,0,0,0,0,4505,0,Apr,0,0,03JUN2019
QTY,Sudan,Pipe and Tube Products,Iran,EXP,14.2,23.29,55.8,24.6,0,0,19.657,Apr,4.72,0,03JUN2019
QTY,Sudan,Semi-Finished Products,Iran,EXP,1003.4,0,0,4802.1,40265.21,126082.21,119812.048,Apr,69709.048,63207.57,03JUN2019
QTY,Sudan,Stainless Products,Iran,EXP,22.8,70.7,0,0,0,0,0,Apr,0,0,03JUN2019
QTY,Singapore,All Steel Mill Products,Iran,EXP,0,0,0,0,0,18.2,0,Apr,0,0,03JUN2019
QTY,Singapore,Pipe and Tube Products,Iran,EXP,0,0,0,0,0,18.2,0,Apr,0,0,03JUN2019
QTY,Syria,All Steel Mill Products,Iran,EXP,13.5,0,0,0,321.612,3819.904,8453.39,Apr,2442.15,20105.469,03JUN2019
QTY,Syria,Flat Products,Iran,EXP,0,0,0,0,43.57,0,326.75,Apr,0,1.585,03JUN2019
QTY,Syria,Long Products,Iran,EXP,0,0,0,0,254.348,0,2293.29,Apr,0,18426.324,03JUN2019
QTY,Syria,Pipe and Tube Products,Iran,EXP,13.5,0,0,0,23.694,3819.904,5833.35,Apr,2442.15,1677.56,03JUN2019
QTY,Thailand,All Steel Mill Products,Iran,EXP,10110,64000,78180,212780.5,741601.361,1552549.943,1542546.022,Apr,807669.483,461569.923,03JUN2019
QTY,Thailand,Flat Products,Iran,EXP,0,0,78180,122032.8,28975,19740,60007,Apr,19834,50900.599,03JUN2019
QTY,Thailand,Long Products,Iran,EXP,0,0,0,0,0,3106.554,9900,Apr,0,0,03JUN2019
QTY,Thailand,Pipe and Tube Products,Iran,EXP,0,0,0,0,0,0.493,0,Apr,0,0.71,03JUN2019
QTY,Thailand,Semi-Finished Products,Iran,EXP,10110,64000,0,90747.7,712626.361,1529702.896,1472639.022,Apr,787835.483,410668.614,03JUN2019
QTY,Tajikistan,All Steel Mill Products,Iran,EXP,23978.079,40535.674,26238.8,4938.2,113.443,1089.48,6474.875,Apr,920.573,1258.544,03JUN2019
QTY,Tajikistan,Flat Products,Iran,EXP,820.15,2,0,10.5,6.28,0.797,387.19,Apr,9.4,0,03JUN2019
QTY,Tajikistan,Long Products,Iran,EXP,9414.923,1203.356,1785.6,809.1,5.835,1032.283,4961.62,Apr,883.443,868.464,03JUN2019
QTY,Tajikistan,Pipe and Tube Products,Iran,EXP,13742.806,39282.478,24453.2,4118.6,101.328,56.4,1086.77,Apr,27.73,390.08,03JUN2019
QTY,Tajikistan,Stainless Products,Iran,EXP,0.2,47.84,0,0,0,0,39.295,Apr,0,0,03JUN2019
QTY,Turkmenistan,All Steel Mill Products,Iran,EXP,101533.409,162739.531,214077.5,167727.635,86989.933,86385.36,77550.645,Apr,17842.75,30196.639,03JUN2019
QTY,Turkmenistan,Flat Products,Iran,EXP,9753.146,10729.615,10657.3,11630.605,7791.215,7466.248,5998.474,Apr,2555.815,6475.24,03JUN2019
QTY,Turkmenistan,Long Products,Iran,EXP,44262.269,24834.538,34050.8,25144.382,16438.261,20907.289,35560.265,Apr,6929.225,11570.751,03JUN2019
QTY,Turkmenistan,Pipe and Tube Products,Iran,EXP,46929.364,117371.754,167291,130567.308,62536.033,57785.831,35552.132,Apr,8355.695,12114.785,03JUN2019
QTY,Turkmenistan,Semi-Finished Products,Iran,EXP,35.33,3.505,10.2,16.4,4.18,0,2.015,Apr,2.015,0,03JUN2019
QTY,Turkmenistan,Stainless Products,Iran,EXP,553.3,9800.119,2068.2,368.94,220.244,225.992,437.759,Apr,0,35.863,03JUN2019
QTY,Turkey,All Steel Mill Products,Iran,EXP,10192.18,75278.663,12596.3,38757.928,218720.683,217178.358,248526.044,Apr,119494.868,158373.181,03JUN2019
QTY,Turkey,Flat Products,Iran,EXP,68.6,28167.8,6.9,173.9,77.35,2326.195,15019.23,Apr,134.545,133.332,03JUN2019
QTY,Turkey,Long Products,Iran,EXP,10021.68,16952.793,12512.9,7779.968,2085.346,25948.046,119306.664,Apr,9023.863,146081.691,03JUN2019
QTY,Turkey,Pipe and Tube Products,Iran,EXP,49.8,51.6,58.3,0,0,0.93,1308.15,Apr,0.08,8419.813,03JUN2019
QTY,Turkey,Semi-Finished Products,Iran,EXP,0,30079.7,0,30803.96,216545.507,188902.751,112868.22,Apr,110336.38,3738.15,03JUN2019
QTY,Turkey,Stainless Products,Iran,EXP,52.1,26.77,18.2,0.1,12.48,0.436,23.78,Apr,0,0.195,03JUN2019
QTY,Taiwan,All Steel Mill Products,Iran,EXP,0,0,358886.9,0,578606.08,551483.813,317570.526,Apr,159328.845,0,03JUN2019
QTY,Taiwan,Semi-Finished Products,Iran,EXP,0,0,358886.9,0,578606.08,551483.813,317570.526,Apr,159328.845,0,03JUN2019
QTY,Tanzania,All Steel Mill Products,Iran,EXP,0,46,0,0,0,165.97,4900,Apr,4900,324.41,03JUN2019
QTY,Tanzania,Long Products,Iran,EXP,0,0,0,0,0,137.67,0,Apr,0,324.41,03JUN2019
QTY,Tanzania,Pipe and Tube Products,Iran,EXP,0,37,0,0,0,0,0,Apr,0,0,03JUN2019
QTY,Tanzania,Semi-Finished Products,Iran,EXP,0,0,0,0,0,0,4900,Apr,4900,0,03JUN2019
QTY,Tanzania,Stainless Products,Iran,EXP,0,9,0,0,0,28.3,0,Apr,0,0,03JUN2019
QTY,Ftz Zone,All Steel Mill Products,Iran,EXP,0,0,0,0,0,21,0,Apr,0,0,03JUN2019
QTY,Ftz Zone,Pipe and Tube Products,Iran,EXP,0,0,0,0,0,21,0,Apr,0,0,03JUN2019
QTY,"Other Countries, Nes",All Steel Mill Products,Iran,EXP,67.8,14894,3265.2,4658.6,1536.1,52648.346,1448.806,Apr,666.966,456.72,03JUN2019
QTY,"Other Countries, Nes",Flat Products,Iran,EXP,0,0,0,0,0,0,200,Apr,200,88.895,03JUN2019
QTY,"Other Countries, Nes",Long Products,Iran,EXP,0,0,0,19.4,0,0,0,Apr,0,170.505,03JUN2019
QTY,"Other Countries, Nes",Pipe and Tube Products,Iran,EXP,67.8,14894,3265.2,4639.2,1536.1,2648.346,604.16,Apr,53.66,197.32,03JUN2019
QTY,"Other Countries, Nes",Semi-Finished Products,Iran,EXP,0,0,0,0,0,50000,0,Apr,0,0,03JUN2019
QTY,"Other Countries, Nes",Stainless Products,Iran,EXP,0,0,0,0,0,0,644.646,Apr,413.306,0,03JUN2019
QTY,Uzbekistan,All Steel Mill Products,Iran,EXP,0,119.1,2997.5,70.135,14.335,51.736,775.624,Apr,169.935,840.009,03JUN2019
QTY,Uzbekistan,Flat Products,Iran,EXP,0,119.1,2995.5,69.535,11.2,31.59,64.425,Apr,45.255,0,03JUN2019
QTY,Uzbekistan,Long Products,Iran,EXP,0,0,0,0.6,3.135,0,308.502,Apr,124.68,601.764,03JUN2019
QTY,Uzbekistan,Pipe and Tube Products,Iran,EXP,0,0,0,0,0,0,402.697,Apr,0,238.245,03JUN2019
QTY,Uzbekistan,Stainless Products,Iran,EXP,0,0,2,0,0,20.146,0,Apr,0,0,03JUN2019
QTY,World,All Steel Mill Products,Iran,EXP,1507350.034,1765173.071,2911152.7,3677328.205,5623724.262,7427932.342,9238784.232,Apr,3422410.252,2898457.77,03JUN2019
QTY,World,Flat Products,Iran,EXP,860053.165,926758.473,1442087,1640390.489,1628175.599,624651.382,989634.091,Apr,337120.817,202586.676,03JUN2019
QTY,World,Long Products,Iran,EXP,430006.549,386988.756,385767.1,480930.409,492700.349,750879.848,1722408.227,Apr,325743.469,714514.244,03JUN2019
QTY,World,Pipe and Tube Products,Iran,EXP,129763.92,281449.515,243101,183938.952,126484.726,113503.467,251936.085,Apr,46091.726,115735.378,03JUN2019
QTY,World,Semi-Finished Products,Iran,EXP,37076.33,152757.338,829885,1358955.895,3372143.286,5937872.978,6264838.485,Apr,2711667.789,1863193.106,03JUN2019
QTY,World,Stainless Products,Iran,EXP,50450.07,17218.989,10312.6,13112.46,4220.302,1024.667,9967.344,Apr,1786.451,2428.366,03JUN2019
QTY,South Africa,All Steel Mill Products,Iran,EXP,0,0,0,0,0,24.413,111.06,Apr,111.06,0,03JUN2019
QTY,South Africa,Long Products,Iran,EXP,0,0,0,0,0,24.413,111.06,Apr,111.06,0,03JUN2019
VALUE,United Arab Emirates,All Steel Mill Products,Iran,EXP,150240349,162533720,297805148,318720129,430303268,473931664,619208369,Apr,274794096,21538708,03JUN2019
VALUE,United Arab Emirates,Flat Products,Iran,EXP,149672848,159469208,228559789,162558827,275391602,98239578,144223463,Apr,48981108,9103739,03JUN2019
VALUE,United Arab Emirates,Long Products,Iran,EXP,452353,2556793,2817622,1897226,366777,7451128,10460502,Apr,3732861,3141419,03JUN2019
VALUE,United Arab Emirates,Pipe and Tube Products,Iran,EXP,60125,24597,4350,135339,1189463,62081,16652,Apr,0,1328999,03JUN2019
VALUE,United Arab Emirates,Semi-Finished Products,Iran,EXP,0,0,66373432,153977229,153259486,368178877,463522461,Apr,222080127,7719397,03JUN2019
VALUE,United Arab Emirates,Stainless Products,Iran,EXP,55023,483122,49955,151508,95940,0,985291,Apr,0,245154,03JUN2019
VALUE,Afghanistan,All Steel Mill Products,Iran,EXP,258609753,211890750,204436274,162423010,135839501,161446742,300568121,Apr,71860022,62677560,03JUN2019
VALUE,Afghanistan,Flat Products,Iran,EXP,64594823,39631233,33054989,18252947,22548451,20113247,53276281,Apr,9994532,11918188,03JUN2019
VALUE,Afghanistan,Long Products,Iran,EXP,167925525,131353844,153344829,127556593,101264367,130999927,224169346,Apr,56231017,46049859,03JUN2019
VALUE,Afghanistan,Pipe and Tube Products,Iran,EXP,24668865,38797764,17911864,16403379,11859111,9971641,21870284,Apr,5108961,4689488,03JUN2019
VALUE,Afghanistan,Semi-Finished Products,Iran,EXP,0,0,60,0,0,0,0,Apr,0,0,03JUN2019
VALUE,Afghanistan,Stainless Products,Iran,EXP,1420540,2107909,124532,210091,167572,361927,1252210,Apr,525512,20025,03JUN2019
VALUE,Armenia,All Steel Mill Products,Iran,EXP,6839932,6616977,7137660,3332787,3971974,5924349,16249395,Apr,2356690,6351419,03JUN2019
VALUE,Armenia,Flat Products,Iran,EXP,4452555,4382133,4536396,2408571,3478022,4755225,7372023,Apr,1548958,2518656,03JUN2019
VALUE,Armenia,Long Products,Iran,EXP,363237,708668,1666263,423625,395494,802762,5971415,Apr,600971,2860171,03JUN2019
VALUE,Armenia,Pipe and Tube Products,Iran,EXP,2018918,1508736,934401,499125,80458,366194,2806650,Apr,206761,972546,03JUN2019
VALUE,Armenia,Stainless Products,Iran,EXP,5222,17440,600,1466,18000,168,99307,Apr,0,46,03JUN2019
VALUE,Azerbaijan,All Steel Mill Products,Iran,EXP,5215133,4116565,12060852,2248407,543814,117722,13454923,Apr,140740,4032644,03JUN2019
VALUE,Azerbaijan,Flat Products,Iran,EXP,3217272,21944,2377312,52855,35290,13660,880,Apr,880,5705,03JUN2019
VALUE,Azerbaijan,Long Products,Iran,EXP,1094002,3672046,9347694,1131692,350689,56266,11969186,Apr,139860,3032926,03JUN2019
VALUE,Azerbaijan,Pipe and Tube Products,Iran,EXP,903859,281815,245380,1063560,157835,47796,1414604,Apr,0,949255,03JUN2019
VALUE,Azerbaijan,Semi-Finished Products,Iran,EXP,0,140760,42432,0,0,0,0,Apr,0,0,03JUN2019
VALUE,Azerbaijan,Stainless Products,Iran,EXP,0,0,48034,300,0,0,70253,Apr,0,44758,03JUN2019
VALUE,Belgium,All Steel Mill Products,Iran,EXP,13330041,21645408,5133219,33159932,36321034,16051875,7394967,Apr,567578,593700,03JUN2019
VALUE,Belgium,Flat Products,Iran,EXP,7458536,20884225,0,26990775,36305278,13151129,657682,Apr,472106,0,03JUN2019
VALUE,Belgium,Long Products,Iran,EXP,5871505,761183,5133219,6169157,15756,2518893,6737285,Apr,95472,0,03JUN2019
VALUE,Belgium,Pipe and Tube Products,Iran,EXP,0,0,0,0,0,0,0,Apr,0,593700,03JUN2019
VALUE,Belgium,Semi-Finished Products,Iran,EXP,0,0,0,0,0,381853,0,Apr,0,0,03JUN2019
VALUE,Bulgaria,All Steel Mill Products,Iran,EXP,0,0,0,155166,1251836,931587,879852,Apr,54555,146853,03JUN2019
VALUE,Bulgaria,Long Products,Iran,EXP,0,0,0,155166,1251836,931587,879852,Apr,54555,146853,03JUN2019
VALUE,Brazil,All Steel Mill Products,Iran,EXP,0,0,0,0,50352175,8847992,28274664,Apr,14349574,0,03JUN2019
VALUE,Brazil,Semi-Finished Products,Iran,EXP,0,0,0,0,50352175,8847992,28274664,Apr,14349574,0,03JUN2019
VALUE,China,All Steel Mill Products,Iran,EXP,62069,0,94760,106259,18438,12430941,18202672,Apr,18162129,9397790,03JUN2019
VALUE,China,Flat Products,Iran,EXP,62069,0,0,106259,14748,110788,6453,Apr,6453,0,03JUN2019
VALUE,China,Long Products,Iran,EXP,0,0,93124,0,240,0,26278,Apr,0,0,03JUN2019
VALUE,China,Pipe and Tube Products,Iran,EXP,0,0,0,0,600,0,14265,Apr,0,0,03JUN2019
VALUE,China,Semi-Finished Products,Iran,EXP,0,0,1636,0,0,12320153,18155676,Apr,18155676,9397790,03JUN2019
VALUE,China,Stainless Products,Iran,EXP,0,0,0,0,2850,0,0,Apr,0,0,03JUN2019
VALUE,Czech Republic,All Steel Mill Products,Iran,EXP,1404,96636,84000,160966,0,17,0,Apr,0,0,03JUN2019
VALUE,Czech Republic,Long Products,Iran,EXP,0,96636,84000,160966,0,17,0,Apr,0,0,03JUN2019
VALUE,Czech Republic,Semi-Finished Products,Iran,EXP,1404,0,0,0,0,0,0,Apr,0,0,03JUN2019
VALUE,Germany,All Steel Mill Products,Iran,EXP,12482386,6982496,4026643,1133052,3007885,6191514,8309659,Apr,5012943,15086607,03JUN2019
VALUE,Germany,Flat Products,Iran,EXP,0,0,3598,0,1938413,733,0,Apr,0,2000,03JUN2019
VALUE,Germany,Long Products,Iran,EXP,12137748,5628880,3595006,1109308,996928,6104732,8206142,Apr,4943710,144651,03JUN2019
VALUE,Germany,Pipe and Tube Products,Iran,EXP,283396,13181,284768,23744,59352,77219,53567,Apr,29233,24884,03JUN2019
VALUE,Germany,Semi-Finished Products,Iran,EXP,31919,3220,0,0,0,0,40000,Apr,40000,14915072,03JUN2019
VALUE,Germany,Stainless Products,Iran,EXP,29323,1337215,143271,0,13192,8830,9950,Apr,0,0,03JUN2019
VALUE,Algeria,All Steel Mill Products,Iran,EXP,0,0,0,0,0,2486399,7355,Apr,0,21918430,03JUN2019
VALUE,Algeria,Flat Products,Iran,EXP,0,0,0,0,0,2486399,0,Apr,0,0,03JUN2019
VALUE,Algeria,Long Products,Iran,EXP,0,0,0,0,0,0,7355,Apr,0,0,03JUN2019
VALUE,Algeria,Semi-Finished Products,Iran,EXP,0,0,0,0,0,0,0,Apr,0,21918430,03JUN2019
VALUE,Egypt,All Steel Mill Products,Iran,EXP,0,101820,0,3943609,43036663,134611040,290904684,Apr,105655408,0,03JUN2019
VALUE,Egypt,Long Products,Iran,EXP,0,101820,0,0,0,0,0,Apr,0,0,03JUN2019
VALUE,Egypt,Semi-Finished Products,Iran,EXP,0,0,0,3943609,43036663,134611040,290904684,Apr,105655408,0,03JUN2019
VALUE,Spain,All Steel Mill Products,Iran,EXP,37896210,19544290,102884534,124516772,107037315,15818319,1651981,Apr,787696,1560,03JUN2019
VALUE,Spain,Flat Products,Iran,EXP,36889089,19544290,102799934,123808611,105591582,9139626,93,Apr,93,0,03JUN2019
VALUE,Spain,Long Products,Iran,EXP,1007121,0,84600,708161,1445733,6678693,1651888,Apr,787603,0,03JUN2019
VALUE,Spain,Pipe and Tube Products,Iran,EXP,0,0,0,0,0,0,0,Apr,0,1560,03JUN2019
VALUE,Ethiopia,All Steel Mill Products,Iran,EXP,0,0,0,0,0,6467,2240,Apr,0,0,03JUN2019
VALUE,Ethiopia,Flat Products,Iran,EXP,0,0,0,0,0,0,2240,Apr,0,0,03JUN2019
VALUE,Ethiopia,Long Products,Iran,EXP,0,0,0,0,0,6467,0,Apr,0,0,03JUN2019
VALUE,France,All Steel Mill Products,Iran,EXP,361123,0,0,50,0,4206151,3720,Apr,3720,2750,03JUN2019
VALUE,France,Flat Products,Iran,EXP,0,0,0,50,0,4242,3720,Apr,3720,2750,03JUN2019
VALUE,France,Long Products,Iran,EXP,361123,0,0,0,0,0,0,Apr,0,0,03JUN2019
VALUE,France,Semi-Finished Products,Iran,EXP,0,0,0,0,0,4201909,0,Apr,0,0,03JUN2019
VALUE,United Kingdom,All Steel Mill Products,Iran,EXP,2251678,58183953,80350978,0,1983570,1951318,10655910,Apr,4570694,0,03JUN2019
VALUE,United Kingdom,Flat Products,Iran,EXP,0,57014418,80252600,0,1983570,0,0,Apr,0,0,03JUN2019
VALUE,United Kingdom,Long Products,Iran,EXP,2251678,1169535,0,0,0,1874162,10655910,Apr,4570694,0,03JUN2019
VALUE,United Kingdom,Pipe and Tube Products,Iran,EXP,0,0,0,0,0,3012,0,Apr,0,0,03JUN2019
VALUE,United Kingdom,Stainless Products,Iran,EXP,0,0,98378,0,0,74144,0,Apr,0,0,03JUN2019
VALUE,Georgia,All Steel Mill Products,Iran,EXP,136894,679305,909427,524682,217231,745345,27553950,Apr,609856,8274799,03JUN2019
VALUE,Georgia,Flat Products,Iran,EXP,19578,178225,561,4954,320,450,199509,Apr,35917,213444,03JUN2019
VALUE,Georgia,Long Products,Iran,EXP,0,369551,893572,519728,177599,702487,23877662,Apr,499130,5658814,03JUN2019
VALUE,Georgia,Pipe and Tube Products,Iran,EXP,117316,131391,15294,0,39312,42408,3464900,Apr,74809,2402154,03JUN2019
VALUE,Georgia,Stainless Products,Iran,EXP,0,138,0,0,0,0,11879,Apr,0,387,03JUN2019
VALUE,Indonesia,All Steel Mill Products,Iran,EXP,16918,0,0,0,9573840,181924513,434768537,Apr,94450588,288721768,03JUN2019
VALUE,Indonesia,Flat Products,Iran,EXP,0,0,0,0,0,0,2608787,Apr,0,0,03JUN2019
VALUE,Indonesia,Pipe and Tube Products,Iran,EXP,16918,0,0,0,0,0,0,Apr,0,0,03JUN2019
VALUE,Indonesia,Semi-Finished Products,Iran,EXP,0,0,0,0,9573840,181924513,432159750,Apr,94450588,288721768,03JUN2019
VALUE,Ireland,All Steel Mill Products,Iran,EXP,0,0,0,0,0,71458,0,Apr,0,0,03JUN2019
VALUE,Ireland,Long Products,Iran,EXP,0,0,0,0,0,8519,0,Apr,0,0,03JUN2019
VALUE,Ireland,Stainless Products,Iran,EXP,0,0,0,0,0,62939,0,Apr,0,0,03JUN2019
VALUE,India,All Steel Mill Products,Iran,EXP,116343687,170926582,70378358,24260612,25902889,45171310,54514942,Apr,25375951,38911913,03JUN2019
VALUE,India,Flat Products,Iran,EXP,116336764,107356335,40310601,0,24815689,14517388,4177075,Apr,1851,16937508,03JUN2019
VALUE,India,Long Products,Iran,EXP,0,380206,0,0,23228,0,254550,Apr,0,0,03JUN2019
VALUE,India,Pipe and Tube Products,Iran,EXP,6923,14264,0,0,688790,1920935,37130,Apr,0,0,03JUN2019
VALUE,India,Semi-Finished Products,Iran,EXP,0,63057120,29605636,24194693,0,28293309,49880063,Apr,25240596,21974405,03JUN2019
VALUE,India,Stainless Products,Iran,EXP,0,118657,462121,65919,375182,439678,166124,Apr,133504,0,03JUN2019
VALUE,Iraq,All Steel Mill Products,Iran,EXP,218400500,209977699,209700562,231504300,166041706,188595403,656366757,Apr,108905178,172155709,03JUN2019
VALUE,Iraq,Flat Products,Iran,EXP,78799605,79728331,85651021,71627754,38041618,37407358,101542162,Apr,21664637,23863115,03JUN2019
VALUE,Iraq,Long Products,Iran,EXP,100685774,95312220,106660397,134242137,97994776,123995680,405544814,Apr,59722576,115631863,03JUN2019
VALUE,Iraq,Pipe and Tube Products,Iran,EXP,36385136,33678789,12674050,16949182,28118087,26623444,129688323,Apr,26978660,31284611,03JUN2019
VALUE,Iraq,Semi-Finished Products,Iran,EXP,0,476167,8923,74153,230202,403272,15483570,Apr,128960,37442,03JUN2019
VALUE,Iraq,Stainless Products,Iran,EXP,2529985,782192,4706171,8611074,1657023,165649,4107888,Apr,410345,1338678,03JUN2019
VALUE,Italy,All Steel Mill Products,Iran,EXP,10952328,24740647,232080905,708828343,411825783,177605320,169856585,Apr,73363870,11204846,03JUN2019
VALUE,Italy,Flat Products,Iran,EXP,10455382,19915400,227424392,703659739,365386525,32500916,32520629,Apr,20598408,18901,03JUN2019
VALUE,Italy,Long Products,Iran,EXP,489308,397678,168512,609612,1434424,4698973,2973874,Apr,1822129,0,03JUN2019
VALUE,Italy,Pipe and Tube Products,Iran,EXP,0,0,0,0,0,53215,33388,Apr,0,0,03JUN2019
VALUE,Italy,Semi-Finished Products,Iran,EXP,7638,4425169,4488001,4558992,44998206,140352216,134328694,Apr,50943333,11185945,03JUN2019
VALUE,Italy,Stainless Products,Iran,EXP,0,2400,0,0,6628,0,0,Apr,0,0,03JUN2019
VALUE,Jordan,All Steel Mill Products,Iran,EXP,7764419,9478600,7781800,132588506,70745135,34639999,249865,Apr,0,15491427,03JUN2019
VALUE,Jordan,Flat Products,Iran,EXP,7764419,9478600,7781800,2572203,1994819,0,0,Apr,0,0,03JUN2019
VALUE,Jordan,Long Products,Iran,EXP,0,0,0,0,717500,0,249865,Apr,0,416191,03JUN2019
VALUE,Jordan,Semi-Finished Products,Iran,EXP,0,0,0,130016303,68032816,34639999,0,Apr,0,15075236,03JUN2019
VALUE,Korea,All Steel Mill Products,Iran,EXP,42509,9900,167270,276976,34234,2961848,11633345,Apr,6506707,0,03JUN2019
VALUE,Korea,Flat Products,Iran,EXP,3934,0,124560,37430,0,1430,929,Apr,200,0,03JUN2019
VALUE,Korea,Long Products,Iran,EXP,0,0,41674,229211,0,0,0,Apr,0,0,03JUN2019
VALUE,Korea,Pipe and Tube Products,Iran,EXP,38075,9900,1036,10335,34234,0,0,Apr,0,0,03JUN2019
VALUE,Korea,Semi-Finished Products,Iran,EXP,0,0,0,0,0,2960418,11632416,Apr,6506507,0,03JUN2019
VALUE,Korea,Stainless Products,Iran,EXP,500,0,0,0,0,0,0,Apr,0,0,03JUN2019
VALUE,Kuwait,All Steel Mill Products,Iran,EXP,17419738,9313432,16602253,478992,4184566,1983400,13054066,Apr,11026269,242570,03JUN2019
VALUE,Kuwait,Flat Products,Iran,EXP,13498023,9309112,10817170,0,2030435,1653225,1708306,Apr,1708306,0,03JUN2019
VALUE,Kuwait,Long Products,Iran,EXP,2371559,0,5785083,331086,2051879,330175,1428944,Apr,917963,240024,03JUN2019
VALUE,Kuwait,Pipe and Tube Products,Iran,EXP,0,4320,0,919,0,0,1516816,Apr,0,0,03JUN2019
VALUE,Kuwait,Semi-Finished Products,Iran,EXP,0,0,0,0,0,0,8400000,Apr,8400000,0,03JUN2019
VALUE,Kuwait,Stainless Products,Iran,EXP,1550156,0,0,146987,102252,0,0,Apr,0,2546,03JUN2019
VALUE,Kazakhstan,All Steel Mill Products,Iran,EXP,24641,49993,61615,71231,26756,30227,23011,Apr,0,0,03JUN2019
VALUE,Kazakhstan,Flat Products,Iran,EXP,24641,45653,59527,69696,16474,14660,0,Apr,0,0,03JUN2019
VALUE,Kazakhstan,Long Products,Iran,EXP,0,0,1800,0,10282,57,23011,Apr,0,0,03JUN2019
VALUE,Kazakhstan,Pipe and Tube Products,Iran,EXP,0,4340,288,1535,0,15510,0,Apr,0,0,03JUN2019
VALUE,Lebanon,All Steel Mill Products,Iran,EXP,0,0,0,0,4914,19625,512437,Apr,39038,12276014,03JUN2019
VALUE,Lebanon,Long Products,Iran,EXP,0,0,0,0,4914,19625,356455,Apr,0,12242686,03JUN2019
VALUE,Lebanon,Pipe and Tube Products,Iran,EXP,0,0,0,0,0,0,155982,Apr,39038,0,03JUN2019
VALUE,Lebanon,Semi-Finished Products,Iran,EXP,0,0,0,0,0,0,0,Apr,0,33328,03JUN2019
VALUE,Sri Lanka,All Steel Mill Products,Iran,EXP,2152115,0,91064,2201446,11011,40000,21033848,Apr,10920000,5378,03JUN2019
VALUE,Sri Lanka,Flat Products,Iran,EXP,0,0,0,0,0,16000,0,Apr,0,0,03JUN2019
VALUE,Sri Lanka,Long Products,Iran,EXP,2152115,0,90608,0,0,24000,254550,Apr,0,0,03JUN2019
VALUE,Sri Lanka,Pipe and Tube Products,Iran,EXP,0,0,400,0,11011,0,0,Apr,0,5378,03JUN2019
VALUE,Sri Lanka,Semi-Finished Products,Iran,EXP,0,0,56,2201446,0,0,20779298,Apr,10920000,0,03JUN2019
VALUE,Libya,All Steel Mill Products,Iran,EXP,0,0,0,0,0,8393991,0,Apr,0,0,03JUN2019
VALUE,Libya,Semi-Finished Products,Iran,EXP,0,0,0,0,0,8393991,0,Apr,0,0,03JUN2019
VALUE,Morocco,All Steel Mill Products,Iran,EXP,0,0,0,0,50010272,7906762,16548200,Apr,8047548,15139313,03JUN2019
VALUE,Morocco,Semi-Finished Products,Iran,EXP,0,0,0,0,50010272,7906762,16548200,Apr,8047548,15139313,03JUN2019
VALUE,Malaysia,All Steel Mill Products,Iran,EXP,0,0,0,0,4985313,4655068,31874169,Apr,8739865,9280243,03JUN2019
VALUE,Malaysia,Long Products,Iran,EXP,0,0,0,0,60389,0,0,Apr,0,0,03JUN2019
VALUE,Malaysia,Pipe and Tube Products,Iran,EXP,0,0,0,0,39500,8900,55797,Apr,5800,0,03JUN2019
VALUE,Malaysia,Semi-Finished Products,Iran,EXP,0,0,0,0,4885424,4646168,31818372,Apr,8734065,9280243,03JUN2019
VALUE,Nigeria,All Steel Mill Products,Iran,EXP,0,0,0,0,5813,161356,0,Apr,0,0,03JUN2019
VALUE,Nigeria,Pipe and Tube Products,Iran,EXP,0,0,0,0,5813,0,0,Apr,0,0,03JUN2019
VALUE,Nigeria,Semi-Finished Products,Iran,EXP,0,0,0,0,0,161356,0,Apr,0,0,03JUN2019
VALUE,Netherlands,All Steel Mill Products,Iran,EXP,6599715,5973418,4782430,4892281,10073538,16389170,14883157,Apr,8784336,1404,03JUN2019
VALUE,Netherlands,Flat Products,Iran,EXP,0,0,0,0,91497,3779509,3877400,Apr,23645,0,03JUN2019
VALUE,Netherlands,Long Products,Iran,EXP,6559299,2933474,659274,4782409,9947201,12468928,11005757,Apr,8760691,0,03JUN2019
VALUE,Netherlands,Pipe and Tube Products,Iran,EXP,31569,0,30,0,34840,77596,0,Apr,0,1404,03JUN2019
VALUE,Netherlands,Semi-Finished Products,Iran,EXP,0,0,4123126,0,0,0,0,Apr,0,0,03JUN2019
VALUE,Netherlands,Stainless Products,Iran,EXP,8847,3039944,0,109872,0,63137,0,Apr,0,0,03JUN2019
VALUE,Oman,All Steel Mill Products,Iran,EXP,20254198,64513840,152276440,76143100,163992894,212696915,252544344,Apr,67629586,44625386,03JUN2019
VALUE,Oman,Flat Products,Iran,EXP,20146767,64513840,100941112,40061647,53408606,18010370,53731705,Apr,26868637,13920,03JUN2019
VALUE,Oman,Long Products,Iran,EXP,107431,0,464997,397885,1285721,5733742,11661125,Apr,3790379,3848915,03JUN2019
VALUE,Oman,Pipe and Tube Products,Iran,EXP,0,0,0,0,614,3102,0,Apr,0,12052,03JUN2019
VALUE,Oman,Semi-Finished Products,Iran,EXP,0,0,50870331,35683568,109293905,188949701,187151514,Apr,36970570,40750499,03JUN2019
VALUE,Oman,Stainless Products,Iran,EXP,0,0,0,0,4048,0,0,Apr,0,0,03JUN2019
VALUE,Other Countries,All Steel Mill Products,Iran,EXP,11263746,2550843,40173672,159679170,46082512,0,32494930,Apr,5328541,70799638,03JUN2019
VALUE,Other Countries,Flat Products,Iran,EXP,4155283,2109501,1113180,0,16929306,0,3393989,Apr,0,0,03JUN2019
VALUE,Other Countries,Long Products,Iran,EXP,425834,85627,276689,0,0,0,12005392,Apr,2832842,11792079,03JUN2019
VALUE,Other Countries,Pipe and Tube Products,Iran,EXP,29494,355329,58089,0,78264,0,37859,Apr,37859,10004,03JUN2019
VALUE,Other Countries,Semi-Finished Products,Iran,EXP,6651956,0,38698512,159679170,29074942,0,17054890,Apr,2455040,58997555,03JUN2019
VALUE,Other Countries,Stainless Products,Iran,EXP,1179,386,27202,0,0,0,2800,Apr,2800,0,03JUN2019
VALUE,Panama,All Steel Mill Products,Iran,EXP,0,0,1614118,0,0,0,1368263,Apr,0,0,03JUN2019
VALUE,Panama,Flat Products,Iran,EXP,0,0,0,0,0,0,1368263,Apr,0,0,03JUN2019
VALUE,Panama,Pipe and Tube Products,Iran,EXP,0,0,1614118,0,0,0,0,Apr,0,0,03JUN2019
VALUE,Pakistan,All Steel Mill Products,Iran,EXP,112792003,55998077,29490979,22017538,14463006,7511365,35926502,Apr,14089141,45741677,03JUN2019
VALUE,Pakistan,Flat Products,Iran,EXP,87376778,15312259,22946670,3989836,4777771,62616,819101,Apr,20688,855988,03JUN2019
VALUE,Pakistan,Long Products,Iran,EXP,3182742,638190,877560,13031196,6813665,7448749,21723707,Apr,2168453,44865133,03JUN2019
VALUE,Pakistan,Pipe and Tube Products,Iran,EXP,17945017,39606718,4399814,1213041,562090,0,1483694,Apr,0,0,03JUN2019
VALUE,Pakistan,Semi-Finished Products,Iran,EXP,4011214,0,0,3161542,2266422,0,11900000,Apr,11900000,20556,03JUN2019
VALUE,Pakistan,Stainless Products,Iran,EXP,276252,440910,1266935,621923,43058,0,0,Apr,0,0,03JUN2019
VALUE,Portugal,All Steel Mill Products,Iran,EXP,8051831,12300487,44236598,67503957,59426041,839066,224308,Apr,224308,0,03JUN2019
VALUE,Portugal,Flat Products,Iran,EXP,8051831,12300487,44236598,67260858,59237046,0,0,Apr,0,0,03JUN2019
VALUE,Portugal,Long Products,Iran,EXP,0,0,0,203166,188995,839066,224308,Apr,224308,0,03JUN2019
VALUE,Portugal,Stainless Products,Iran,EXP,0,0,0,39933,0,0,0,Apr,0,0,03JUN2019
VALUE,Qatar,All Steel Mill Products,Iran,EXP,9354428,22537225,33271425,30303449,21010437,12831627,34441298,Apr,17460007,14143930,03JUN2019
VALUE,Qatar,Flat Products,Iran,EXP,9354428,22254262,12087100,30302694,21010437,8296799,11823905,Apr,4585855,2984905,03JUN2019
VALUE,Qatar,Long Products,Iran,EXP,0,268058,380924,310,0,4486828,18305574,Apr,8811652,4332975,03JUN2019
VALUE,Qatar,Pipe and Tube Products,Iran,EXP,0,13655,20803401,445,0,48000,182477,Apr,0,919220,03JUN2019
VALUE,Qatar,Semi-Finished Products,Iran,EXP,0,0,0,0,0,0,4129342,Apr,4062500,5906830,03JUN2019
VALUE,Qatar,Stainless Products,Iran,EXP,0,1250,0,0,0,0,0,Apr,0,0,03JUN2019
VALUE,Sudan,All Steel Mill Products,Iran,EXP,760859,168328,82237,1991107,16446056,43202454,49445247,Apr,27875957,19500890,03JUN2019
VALUE,Sudan,Flat Products,Iran,EXP,0,0,0,0,17850,0,0,Apr,0,0,03JUN2019
VALUE,Sudan,Long Products,Iran,EXP,0,0,0,0,0,1892100,0,Apr,0,0,03JUN2019
VALUE,Sudan,Pipe and Tube Products,Iran,EXP,26070,41328,82237,31850,0,0,30664,Apr,5664,0,03JUN2019
VALUE,Sudan,Semi-Finished Products,Iran,EXP,693582,0,0,1959257,16428206,41310354,49414583,Apr,27870293,19500890,03JUN2019
VALUE,Sudan,Stainless Products,Iran,EXP,41207,127000,0,0,0,0,0,Apr,0,0,03JUN2019
VALUE,Singapore,All Steel Mill Products,Iran,EXP,0,0,0,0,0,14560,0,Apr,0,0,03JUN2019
VALUE,Singapore,Pipe and Tube Products,Iran,EXP,0,0,0,0,0,14560,0,Apr,0,0,03JUN2019
VALUE,Syria,All Steel Mill Products,Iran,EXP,40062,0,0,0,238848,63083224,106553085,Apr,56963891,11603096,03JUN2019
VALUE,Syria,Flat Products,Iran,EXP,0,0,0,0,115881,0,246101,Apr,0,399,03JUN2019
VALUE,Syria,Long Products,Iran,EXP,0,0,0,0,96904,0,1125150,Apr,0,8309103,03JUN2019
VALUE,Syria,Pipe and Tube Products,Iran,EXP,40062,0,0,0,26063,63083224,105181834,Apr,56963891,3293594,03JUN2019
VALUE,Thailand,All Steel Mill Products,Iran,EXP,7304650,15676094,57071400,126074506,255279698,526016128,645205106,Apr,334447348,172951991,03JUN2019
VALUE,Thailand,Flat Products,Iran,EXP,0,0,57071400,89049465,21141704,8147839,25484243,Apr,8426477,21597028,03JUN2019
VALUE,Thailand,Long Products,Iran,EXP,0,0,0,0,0,1088640,5148000,Apr,0,0,03JUN2019
VALUE,Thailand,Pipe and Tube Products,Iran,EXP,0,0,0,0,0,172,0,Apr,0,1420,03JUN2019
VALUE,Thailand,Semi-Finished Products,Iran,EXP,7304650,15676094,0,37025041,234137994,516779477,614572863,Apr,326020871,151353543,03JUN2019
VALUE,Tajikistan,All Steel Mill Products,Iran,EXP,23845830,37076387,19880146,4074487,113462,517139,3934295,Apr,455698,570554,03JUN2019
VALUE,Tajikistan,Flat Products,Iran,EXP,675152,3600,0,13860,3840,339,182428,Apr,7238,0,03JUN2019
VALUE,Tajikistan,Long Products,Iran,EXP,7457295,945501,1236104,542385,8233,477602,2935698,Apr,415127,402927,03JUN2019
VALUE,Tajikistan,Pipe and Tube Products,Iran,EXP,15712751,36089014,18644042,3518242,101389,39198,791806,Apr,33333,167627,03JUN2019
VALUE,Tajikistan,Stainless Products,Iran,EXP,632,38272,0,0,0,0,24363,Apr,0,0,03JUN2019
VALUE,Turkmenistan,All Steel Mill Products,Iran,EXP,92867489,159716707,210346666,151556782,55898696,54308340,49433165,Apr,11580631,13582030,03JUN2019
VALUE,Turkmenistan,Flat Products,Iran,EXP,8272905,8582775,9974531,11268192,5171874,4529285,3249379,Apr,1349832,2849697,03JUN2019
VALUE,Turkmenistan,Long Products,Iran,EXP,34215698,19711869,24844292,16573871,7146870,8658105,19253934,Apr,3817472,5332630,03JUN2019
VALUE,Turkmenistan,Pipe and Tube Products,Iran,EXP,49849158,115072761,172984870,123272093,43417551,40924319,26654805,Apr,6409700,5364086,03JUN2019
VALUE,Turkmenistan,Semi-Finished Products,Iran,EXP,30521,6255,17066,27410,7044,0,3627,Apr,3627,0,03JUN2019
VALUE,Turkmenistan,Stainless Products,Iran,EXP,499207,16343047,2525907,415216,155357,196631,271420,Apr,0,35617,03JUN2019
VALUE,Turkey,All Steel Mill Products,Iran,EXP,6968217,54956709,14682397,19208645,83105165,86225774,110923785,Apr,45684451,75046188,03JUN2019
VALUE,Turkey,Flat Products,Iran,EXP,40906,20542957,129066,100896,43498,1156381,6437804,Apr,80727,87306,03JUN2019
VALUE,Turkey,Long Products,Iran,EXP,6812905,21981920,14416583,6539693,1808036,32171911,63915373,Apr,7201633,69976363,03JUN2019
VALUE,Turkey,Pipe and Tube Products,Iran,EXP,66386,70190,64136,0,0,1116,945593,Apr,62,3538373,03JUN2019
VALUE,Turkey,Semi-Finished Products,Iran,EXP,0,12278085,0,12568016,81242631,52892761,39607127,Apr,38402029,1443366,03JUN2019
VALUE,Turkey,Stainless Products,Iran,EXP,48020,83557,72612,40,11000,3605,17888,Apr,0,780,03JUN2019
VALUE,Taiwan,All Steel Mill Products,Iran,EXP,0,0,140681735,0,216233639,208634481,131616422,Apr,66047717,0,03JUN2019
VALUE,Taiwan,Semi-Finished Products,Iran,EXP,0,0,140681735,0,216233639,208634481,131616422,Apr,66047717,0,03JUN2019
VALUE,Tanzania,All Steel Mill Products,Iran,EXP,0,74576,0,0,0,161384,2107000,Apr,2107000,163467,03JUN2019
VALUE,Tanzania,Long Products,Iran,EXP,0,0,0,0,0,48184,0,Apr,0,163467,03JUN2019
VALUE,Tanzania,Pipe and Tube Products,Iran,EXP,0,61085,0,0,0,0,0,Apr,0,0,03JUN2019
VALUE,Tanzania,Semi-Finished Products,Iran,EXP,0,0,0,0,0,0,2107000,Apr,2107000,0,03JUN2019
VALUE,Tanzania,Stainless Products,Iran,EXP,0,13491,0,0,0,113200,0,Apr,0,0,03JUN2019
VALUE,Ftz Zone,All Steel Mill Products,Iran,EXP,0,0,0,0,0,7951,0,Apr,0,0,03JUN2019
VALUE,Ftz Zone,Pipe and Tube Products,Iran,EXP,0,0,0,0,0,7951,0,Apr,0,0,03JUN2019
VALUE,"Other Countries, Nes",All Steel Mill Products,Iran,EXP,110752,12593841,4110022,7603026,339465,17697626,728103,Apr,580803,160110,03JUN2019
VALUE,"Other Countries, Nes",Flat Products,Iran,EXP,0,0,0,0,0,0,88000,Apr,88000,67243,03JUN2019
VALUE,"Other Countries, Nes",Long Products,Iran,EXP,0,0,0,14751,0,0,0,Apr,0,74279,03JUN2019
VALUE,"Other Countries, Nes",Pipe and Tube Products,Iran,EXP,110752,12593841,4110022,7588275,339465,3697626,219000,Apr,183500,18588,03JUN2019
VALUE,"Other Countries, Nes",Semi-Finished Products,Iran,EXP,0,0,0,0,0,14000000,0,Apr,0,0,03JUN2019
VALUE,"Other Countries, Nes",Stainless Products,Iran,EXP,0,0,0,0,0,0,421103,Apr,309303,0,03JUN2019
VALUE,Uzbekistan,All Steel Mill Products,Iran,EXP,0,95256,2987932,74434,16131,33572,516452,Apr,78484,344732,03JUN2019
VALUE,Uzbekistan,Flat Products,Iran,EXP,0,95256,2985677,73234,11200,13426,43036,Apr,34846,0,03JUN2019
VALUE,Uzbekistan,Long Products,Iran,EXP,0,0,0,1200,4931,0,179296,Apr,43638,240956,03JUN2019
VALUE,Uzbekistan,Pipe and Tube Products,Iran,EXP,0,0,0,0,0,0,294120,Apr,0,103776,03JUN2019
VALUE,Uzbekistan,Stainless Products,Iran,EXP,0,0,2255,0,0,20146,0,Apr,0,0,03JUN2019
VALUE,World,All Steel Mill Products,Iran,EXP,1160757607,1361120561,2007475519,2421757709,2499956524,2750063998,4226142557,Apr,1505677485,1182687094,03JUN2019
VALUE,World,Flat Products,Iran,EXP,631323588,672674044,1075239584,1354271353,1061533346,278122618,459045586,Apr,146503114,93040492,03JUN2019
VALUE,World,Long Products,Iran,EXP,355924252,289073699,332964426,317330534,235863367,362551505,883221069,Apr,172223607,338904284,03JUN2019
VALUE,World,Pipe and Tube Products,Iran,EXP,148310790,278373018,254832590,170711064,86843842,147089219,296950210,Apr,96077271,55682719,03JUN2019
VALUE,World,Semi-Finished Products,Iran,EXP,18732884,96062870,334910946,569070429,1113063867,1960790602,2579485216,Apr,1089492029,693371608,03JUN2019
VALUE,World,Stainless Products,Iran,EXP,6466093,24936930,9527973,10374329,2652102,1510054,7440476,Apr,1381464,1687991,03JUN2019
VALUE,South Africa,All Steel Mill Products,Iran,EXP,0,0,0,0,0,33500,38871,Apr,38871,0,03JUN2019
VALUE,South Africa,Long Products,Iran,EXP,0,0,0,0,0,33500,38871,Apr,38871,0,03JUN2019
